Max wfs,Min wfs,Max phase,Min phase,Max voltage,Min voltage
265.05755615234375,-18.791595458984375,25.03432846069336,-26.05801773071289,1000.0,-1000.0
